<?xml version="1.0" encoding="UTF-8"?>
<GenRun Id="synth_1" LaunchPart="xc7a200tfbg484-1" LaunchTime="1711745502">
  <File Type="PA-TCL" Name="project_reti_logiche.tcl"/>
  <File Type="REPORTS-TCL" Name="project_reti_logiche_reports.tcl"/>
  <File Type="RDS-RDS" Name="project_reti_logiche.vds"/>
  <File Type="RDS-UTIL" Name="project_reti_logiche_utilization_synth.rpt"/>
  <File Type="RDS-UTIL-PB" Name="project_reti_logiche_utilization_synth.pb"/>
  <File Type="RDS-DCP" Name="project_reti_logiche.dcp"/>
  <FileSet Name="sources" Type="DesignSrcs" RelSrcDir="$PSRCDIR/sources_1">
    <Filter Type="Srcs"/>
    <File Path="$PSRCDIR/sources_1/new/10766037_10765780.vhd">
      <FileInfo>
        <Attr Name="ImportPath" Val="C:/Users/10765780/Documents/ProgettoFinale/ProgettoFinale.srcs/sources_1/new/10766037_10765780.vhd"/>
        <Attr Name="ImportTime" Val="1711744148"/>
        <Attr Name="UsedIn" Val="synthesis"/>
        <Attr Name="UsedIn" Val="simulation"/>
      </FileInfo>
    </File>
    <Config>
      <Option Name="DesignMode" Val="RTL"/>
      <Option Name="TopModule" Val="project_reti_logiche"/>
      <Option Name="TopAutoSet" Val="TRUE"/>
    </Config>
  </FileSet>
  <FileSet Name="constrs_in" Type="Constrs" RelSrcDir="$PSRCDIR/constrs_1">
    <Filter Type="Constrs"/>
    <File Path="$PSRCDIR/constrs_1/new/clock.xdc">
      <FileInfo>
        <Attr Name="ImportPath" Val="C:/Users/10765780/Documents/ProgettoFinale/ProgettoFinale.srcs/constrs_1/new/clock.xdc"/>
        <Attr Name="ImportTime" Val="1711741932"/>
        <Attr Name="UsedIn" Val="synthesis"/>
        <Attr Name="UsedIn" Val="implementation"/>
      </FileInfo>
    </File>
    <Config>
      <Option Name="ConstrsType" Val="XDC"/>
    </Config>
  </FileSet>
  <FileSet Name="utils" Type="Utils" RelSrcDir="$PSRCDIR/utils_1">
    <Filter Type="Utils"/>
    <Config>
      <Option Name="TopAutoSet" Val="TRUE"/>
    </Config>
  </FileSet>
  <Strategy Version="1" Minor="2">
    <StratHandle Name="Vivado Synthesis Defaults" Flow="Vivado Synthesis 2018"/>
    <Step Id="synth_design"/>
  </Strategy>
</GenRun>
